<?xml version="1.0" encoding="UTF-8"?>
<DEFECTS>
  <DEFECT>
    <SFA>
      <FILEPATH>C:\Users\kubix23\source\repos\Project2\Project2\</FILEPATH>
      <FILENAME>allStruct.h</FILENAME>
      <LINE>36</LINE>
      <COLUMN>19</COLUMN>
    </SFA>
    <DEFECTCODE>6011</DEFECTCODE>
    <DESCRIPTION>Wyłuskanie wskaźnika NULL „spy”. </DESCRIPTION>
    <FUNCTION>PLAYERS_t::spyList::add</FUNCTION>
    <DECORATED>?add@spyList@PLAYERS_t@@QAEXPAU12@HH@Z</DECORATED>
    <FUNCLINE>32</FUNCLINE>
    <PROBABILITY>1</PROBABILITY>
    <RANK>4</RANK>
    <CATEGORY>
      <RULECATEGORY>mspft</RULECATEGORY>
    </CATEGORY>
    <PATH>
      <SFA>
        <FILEPATH>C:\Users\kubix23\source\repos\Project2\Project2\</FILEPATH>
        <FILENAME>allStruct.h</FILENAME>
        <LINE>33</LINE>
        <COLUMN>21</COLUMN>
        <KEYEVENT>
          <ID>1</ID>
          <KIND>declaration</KIND>
          <IMPORTANCE>Essential</IMPORTANCE>
          <MESSAGE>Element „spy” może mieć wartość NULL</MESSAGE>
        </KEYEVENT>
      </SFA>
      <SFA>
        <FILEPATH>C:\Users\kubix23\source\repos\Project2\Project2\</FILEPATH>
        <FILENAME>allStruct.h</FILENAME>
        <LINE>34</LINE>
        <COLUMN>20</COLUMN>
        <KEYEVENT>
          <ID>2</ID>
          <KIND>branch</KIND>
          <IMPORTANCE>Full</IMPORTANCE>
          <MESSAGE>Wejdź do tego rozgałęzienia (przyjmowane jest: „spy==0”)</MESSAGE>
        </KEYEVENT>
      </SFA>
      <SFA>
        <FILEPATH>C:\Users\kubix23\source\repos\Project2\Project2\</FILEPATH>
        <FILENAME>allStruct.h</FILENAME>
        <LINE>34</LINE>
        <COLUMN>39</COLUMN>
      </SFA>
      <SFA>
        <FILEPATH>C:\Users\kubix23\source\repos\Project2\Project2\</FILEPATH>
        <FILENAME>allStruct.h</FILENAME>
        <LINE>36</LINE>
        <COLUMN>19</COLUMN>
        <KEYEVENT>
          <ID>3</ID>
          <KIND>usage</KIND>
          <IMPORTANCE>Essential</IMPORTANCE>
          <MESSAGE>Element „spy” jest wyłuskiwany, ale nadal może mieć wartość NULL</MESSAGE>
        </KEYEVENT>
      </SFA>
    </PATH>
  </DEFECT>
  <DEFECT>
    <SFA>
      <FILEPATH>C:\Users\kubix23\source\repos\Project2\Project2\</FILEPATH>
      <FILENAME>allStruct.h</FILENAME>
      <LINE>63</LINE>
      <COLUMN>20</COLUMN>
    </SFA>
    <DEFECTCODE>6011</DEFECTCODE>
    <DESCRIPTION>Wyłuskanie wskaźnika NULL „reef”. </DESCRIPTION>
    <FUNCTION>borderSize_t::reefList::add</FUNCTION>
    <DECORATED>?add@reefList@borderSize_t@@QAEXPAU12@HH@Z</DECORATED>
    <FUNCLINE>56</FUNCLINE>
    <PROBABILITY>1</PROBABILITY>
    <RANK>4</RANK>
    <CATEGORY>
      <RULECATEGORY>mspft</RULECATEGORY>
    </CATEGORY>
    <PATH>
      <SFA>
        <FILEPATH>C:\Users\kubix23\source\repos\Project2\Project2\</FILEPATH>
        <FILENAME>allStruct.h</FILENAME>
        <LINE>57</LINE>
        <COLUMN>22</COLUMN>
        <KEYEVENT>
          <ID>1</ID>
          <KIND>declaration</KIND>
          <IMPORTANCE>Essential</IMPORTANCE>
          <MESSAGE>Element „reef” może mieć wartość NULL</MESSAGE>
        </KEYEVENT>
      </SFA>
      <SFA>
        <FILEPATH>C:\Users\kubix23\source\repos\Project2\Project2\</FILEPATH>
        <FILENAME>allStruct.h</FILENAME>
        <LINE>58</LINE>
        <COLUMN>21</COLUMN>
        <KEYEVENT>
          <ID>2</ID>
          <KIND>branch</KIND>
          <IMPORTANCE>Full</IMPORTANCE>
          <MESSAGE>Wejdź do tego rozgałęzienia (przyjmowane jest: „reef==0”)</MESSAGE>
        </KEYEVENT>
      </SFA>
      <SFA>
        <FILEPATH>C:\Users\kubix23\source\repos\Project2\Project2\</FILEPATH>
        <FILENAME>allStruct.h</FILENAME>
        <LINE>58</LINE>
        <COLUMN>40</COLUMN>
      </SFA>
      <SFA>
        <FILEPATH>C:\Users\kubix23\source\repos\Project2\Project2\</FILEPATH>
        <FILENAME>allStruct.h</FILENAME>
        <LINE>59</LINE>
        <COLUMN>31</COLUMN>
        <KEYEVENT>
          <ID>3</ID>
          <KIND>branch</KIND>
          <IMPORTANCE>Full</IMPORTANCE>
          <MESSAGE>Pomiń tę pętlę (przyjmowane jest, że element „first-&gt;next!=0” ma wartość false)</MESSAGE>
        </KEYEVENT>
      </SFA>
      <SFA>
        <FILEPATH>C:\Users\kubix23\source\repos\Project2\Project2\</FILEPATH>
        <FILENAME>allStruct.h</FILENAME>
        <LINE>63</LINE>
        <COLUMN>20</COLUMN>
        <KEYEVENT>
          <ID>4</ID>
          <KIND>usage</KIND>
          <IMPORTANCE>Essential</IMPORTANCE>
          <MESSAGE>Element „reef” jest wyłuskiwany, ale nadal może mieć wartość NULL</MESSAGE>
        </KEYEVENT>
      </SFA>
    </PATH>
  </DEFECT>
  <DEFECT>
    <SFA>
      <FILEPATH>C:\Users\kubix23\source\repos\Project2\Project2\</FILEPATH>
      <FILENAME>allStruct.h</FILENAME>
      <LINE>68</LINE>
      <COLUMN>4</COLUMN>
    </SFA>
    <DEFECTCODE>26495</DEFECTCODE>
    <DESCRIPTION>Zmienna „borderSize_t::reefList::next” jest niezainicjowana. Zawsze inicjuj zmienną składową (type.6).</DESCRIPTION>
    <FUNCTION>borderSize_t::reefList::{ctor}</FUNCTION>
    <DECORATED>??0reefList@borderSize_t@@QAE@XZ</DECORATED>
    <FUNCLINE>68</FUNCLINE>
    <ADDITIONALINFO>
      <targetSymbol>borderSize_t::reefList::next</targetSymbol>
    </ADDITIONALINFO>
    <PATH></PATH>
  </DEFECT>
  <DEFECT>
    <SFA>
      <FILEPATH>C:\Users\kubix23\source\repos\Project2\Project2\</FILEPATH>
      <FILENAME>allStruct.h</FILENAME>
      <LINE>46</LINE>
      <COLUMN>0</COLUMN>
    </SFA>
    <DEFECTCODE>26495</DEFECTCODE>
    <DESCRIPTION>Zmienna „PLAYERS_t::shipsType” jest niezainicjowana. Zawsze inicjuj zmienną składową (type.6).</DESCRIPTION>
    <FUNCTION>PLAYERS_t::{ctor}</FUNCTION>
    <DECORATED>??0PLAYERS_t@@QAE@XZ</DECORATED>
    <FUNCLINE>46</FUNCLINE>
    <ADDITIONALINFO>
      <targetSymbol>PLAYERS_t::shipsType</targetSymbol>
    </ADDITIONALINFO>
    <PATH></PATH>
  </DEFECT>
  <DEFECT>
    <SFA>
      <FILEPATH>C:\Users\kubix23\source\repos\Project2\Project2\</FILEPATH>
      <FILENAME>stateFunction.h</FILENAME>
      <LINE>128</LINE>
      <COLUMN>29</COLUMN>
    </SFA>
    <DEFECTCODE>6308</DEFECTCODE>
    <DESCRIPTION>Funkcja „realloc” może zwracać wskaźnik null: przypisanie wskaźnika null do elementu „char * * * border”, który jest przekazywany jako argument do funkcji „realloc”, spowoduje przeciek oryginalnego bloku pamięci.</DESCRIPTION>
    <FUNCTION>board_size</FUNCTION>
    <DECORATED>?board_size@@YAXXZ</DECORATED>
    <FUNCLINE>112</FUNCLINE>
    <PATH></PATH>
  </DEFECT>
  <DEFECT>
    <SFA>
      <FILEPATH>C:\Users\kubix23\source\repos\Project2\Project2\</FILEPATH>
      <FILENAME>stateFunction.h</FILENAME>
      <LINE>130</LINE>
      <COLUMN>35</COLUMN>
    </SFA>
    <DEFECTCODE>6308</DEFECTCODE>
    <DESCRIPTION>Funkcja „realloc” może zwracać wskaźnik null: przypisanie wskaźnika null do elementu „char * * * border[i]”, który jest przekazywany jako argument do funkcji „realloc”, spowoduje przeciek oryginalnego bloku pamięci.</DESCRIPTION>
    <FUNCTION>board_size</FUNCTION>
    <DECORATED>?board_size@@YAXXZ</DECORATED>
    <FUNCLINE>112</FUNCLINE>
    <PATH></PATH>
  </DEFECT>
  <DEFECT>
    <SFA>
      <FILEPATH>C:\Users\kubix23\source\repos\Project2\Project2\</FILEPATH>
      <FILENAME>stateFunction.h</FILENAME>
      <LINE>133</LINE>
      <COLUMN>18</COLUMN>
    </SFA>
    <DEFECTCODE>28182</DEFECTCODE>
    <DESCRIPTION>Wyłuskanie wskaźnika NULL. Element „border” zawiera tę samą wartość NULL, która była zapisana w elemencie „realloc()`128”. </DESCRIPTION>
    <FUNCTION>board_size</FUNCTION>
    <DECORATED>?board_size@@YAXXZ</DECORATED>
    <FUNCLINE>112</FUNCLINE>
    <PROBABILITY>1</PROBABILITY>
    <RANK>3</RANK>
    <CATEGORY>
      <RULECATEGORY>mspft</RULECATEGORY>
    </CATEGORY>
    <PATH>
      <SFA>
        <FILEPATH>C:\Users\kubix23\source\repos\Project2\Project2\</FILEPATH>
        <FILENAME>stateFunction.h</FILENAME>
        <LINE>113</LINE>
        <COLUMN>8</COLUMN>
      </SFA>
      <SFA>
        <FILEPATH>C:\Users\kubix23\source\repos\Project2\Project2\</FILEPATH>
        <FILENAME>stateFunction.h</FILENAME>
        <LINE>113</LINE>
        <COLUMN>11</COLUMN>
      </SFA>
      <SFA>
        <FILEPATH>C:\Users\kubix23\source\repos\Project2\Project2\</FILEPATH>
        <FILENAME>stateFunction.h</FILENAME>
        <LINE>114</LINE>
        <COLUMN>13</COLUMN>
      </SFA>
      <SFA>
        <FILEPATH>C:\Users\kubix23\source\repos\Project2\Project2\</FILEPATH>
        <FILENAME>stateFunction.h</FILENAME>
        <LINE>117</LINE>
        <COLUMN>13</COLUMN>
      </SFA>
      <SFA>
        <FILEPATH>C:\Users\kubix23\source\repos\Project2\Project2\</FILEPATH>
        <FILENAME>stateFunction.h</FILENAME>
        <LINE>117</LINE>
        <COLUMN>22</COLUMN>
      </SFA>
      <SFA>
        <FILEPATH>C:\Users\kubix23\source\repos\Project2\Project2\</FILEPATH>
        <FILENAME>stateFunction.h</FILENAME>
        <LINE>128</LINE>
        <COLUMN>11</COLUMN>
        <KEYEVENT>
          <ID>1</ID>
          <KIND>declaration</KIND>
          <IMPORTANCE>Essential</IMPORTANCE>
          <MESSAGE>Element „border” może mieć wartość NULL</MESSAGE>
        </KEYEVENT>
      </SFA>
      <SFA>
        <FILEPATH>C:\Users\kubix23\source\repos\Project2\Project2\</FILEPATH>
        <FILENAME>stateFunction.h</FILENAME>
        <LINE>129</LINE>
        <COLUMN>13</COLUMN>
      </SFA>
      <SFA>
        <FILEPATH>C:\Users\kubix23\source\repos\Project2\Project2\</FILEPATH>
        <FILENAME>stateFunction.h</FILENAME>
        <LINE>129</LINE>
        <COLUMN>37</COLUMN>
        <KEYEVENT>
          <ID>2</ID>
          <KIND>branch</KIND>
          <IMPORTANCE>Full</IMPORTANCE>
          <MESSAGE>Pomiń tę pętlę (przyjmowane jest, że element „i&lt;borderSize.y&amp;&amp;i&lt;y” ma wartość false)</MESSAGE>
        </KEYEVENT>
      </SFA>
      <SFA>
        <FILEPATH>C:\Users\kubix23\source\repos\Project2\Project2\</FILEPATH>
        <FILENAME>stateFunction.h</FILENAME>
        <LINE>132</LINE>
        <COLUMN>13</COLUMN>
      </SFA>
      <SFA>
        <FILEPATH>C:\Users\kubix23\source\repos\Project2\Project2\</FILEPATH>
        <FILENAME>stateFunction.h</FILENAME>
        <LINE>132</LINE>
        <COLUMN>33</COLUMN>
        <KEYEVENT>
          <ID>3</ID>
          <KIND>branch</KIND>
          <IMPORTANCE>Full</IMPORTANCE>
          <MESSAGE>Wejdź do tej pętli (przyjmowane jest: „i&lt;y”)</MESSAGE>
        </KEYEVENT>
      </SFA>
      <SFA>
        <FILEPATH>C:\Users\kubix23\source\repos\Project2\Project2\</FILEPATH>
        <FILENAME>stateFunction.h</FILENAME>
        <LINE>133</LINE>
        <COLUMN>18</COLUMN>
        <KEYEVENT>
          <ID>4</ID>
          <KIND>usage</KIND>
          <IMPORTANCE>Essential</IMPORTANCE>
          <MESSAGE>Element „border” jest wyłuskiwany, ale nadal może mieć wartość NULL</MESSAGE>
        </KEYEVENT>
      </SFA>
    </PATH>
  </DEFECT>
  <DEFECT>
    <SFA>
      <FILEPATH>C:\Users\kubix23\source\repos\Project2\Project2\</FILEPATH>
      <FILENAME>stateFunction.h</FILENAME>
      <LINE>133</LINE>
      <COLUMN>18</COLUMN>
    </SFA>
    <DEFECTCODE>6386</DEFECTCODE>
    <DESCRIPTION>Przepełnienie buforu podczas zapisu w elemencie „border”: rozmiar obszaru do zapisu to „sizeof(char **)*(unsigned int)y”, ale zapisana liczba bajtów może wynieść: „8”.</DESCRIPTION>
    <FUNCTION>board_size</FUNCTION>
    <DECORATED>?board_size@@YAXXZ</DECORATED>
    <FUNCLINE>112</FUNCLINE>
    <PROBABILITY>1</PROBABILITY>
    <RANK>4</RANK>
    <CATEGORY>
      <RULECATEGORY>mspft</RULECATEGORY>
    </CATEGORY>
    <PATH>
      <SFA>
        <FILEPATH>C:\Users\kubix23\source\repos\Project2\Project2\</FILEPATH>
        <FILENAME>stateFunction.h</FILENAME>
        <LINE>113</LINE>
        <COLUMN>8</COLUMN>
      </SFA>
      <SFA>
        <FILEPATH>C:\Users\kubix23\source\repos\Project2\Project2\</FILEPATH>
        <FILENAME>stateFunction.h</FILENAME>
        <LINE>113</LINE>
        <COLUMN>11</COLUMN>
      </SFA>
      <SFA>
        <FILEPATH>C:\Users\kubix23\source\repos\Project2\Project2\</FILEPATH>
        <FILENAME>stateFunction.h</FILENAME>
        <LINE>114</LINE>
        <COLUMN>13</COLUMN>
      </SFA>
      <SFA>
        <FILEPATH>C:\Users\kubix23\source\repos\Project2\Project2\</FILEPATH>
        <FILENAME>stateFunction.h</FILENAME>
        <LINE>117</LINE>
        <COLUMN>13</COLUMN>
      </SFA>
      <SFA>
        <FILEPATH>C:\Users\kubix23\source\repos\Project2\Project2\</FILEPATH>
        <FILENAME>stateFunction.h</FILENAME>
        <LINE>117</LINE>
        <COLUMN>22</COLUMN>
      </SFA>
      <SFA>
        <FILEPATH>C:\Users\kubix23\source\repos\Project2\Project2\</FILEPATH>
        <FILENAME>stateFunction.h</FILENAME>
        <LINE>128</LINE>
        <COLUMN>11</COLUMN>
        <KEYEVENT>
          <ID>1</ID>
          <KIND>declaration</KIND>
          <IMPORTANCE>Essential</IMPORTANCE>
          <MESSAGE>Element „border” jest tablicą o wielkości w bajtach: 0</MESSAGE>
        </KEYEVENT>
      </SFA>
      <SFA>
        <FILEPATH>C:\Users\kubix23\source\repos\Project2\Project2\</FILEPATH>
        <FILENAME>stateFunction.h</FILENAME>
        <LINE>129</LINE>
        <COLUMN>13</COLUMN>
      </SFA>
      <SFA>
        <FILEPATH>C:\Users\kubix23\source\repos\Project2\Project2\</FILEPATH>
        <FILENAME>stateFunction.h</FILENAME>
        <LINE>129</LINE>
        <COLUMN>37</COLUMN>
        <KEYEVENT>
          <ID>2</ID>
          <KIND>branch</KIND>
          <IMPORTANCE>Full</IMPORTANCE>
          <MESSAGE>Pomiń tę pętlę (przyjmowane jest, że element „i&lt;borderSize.y&amp;&amp;i&lt;y” ma wartość false)</MESSAGE>
        </KEYEVENT>
      </SFA>
      <SFA>
        <FILEPATH>C:\Users\kubix23\source\repos\Project2\Project2\</FILEPATH>
        <FILENAME>stateFunction.h</FILENAME>
        <LINE>132</LINE>
        <COLUMN>13</COLUMN>
        <KEYEVENT>
          <ID>3</ID>
          <KIND>alias</KIND>
          <IMPORTANCE>Essential</IMPORTANCE>
          <MESSAGE>(alias) „i” otrzymuje wartość „borderSize.y”</MESSAGE>
        </KEYEVENT>
      </SFA>
      <SFA>
        <FILEPATH>C:\Users\kubix23\source\repos\Project2\Project2\</FILEPATH>
        <FILENAME>stateFunction.h</FILENAME>
        <LINE>132</LINE>
        <COLUMN>33</COLUMN>
        <KEYEVENT>
          <ID>4</ID>
          <KIND>branch</KIND>
          <IMPORTANCE>Full</IMPORTANCE>
          <MESSAGE>Wejdź do tej pętli (przyjmowane jest: „i&lt;y”)</MESSAGE>
        </KEYEVENT>
      </SFA>
      <SFA>
        <FILEPATH>C:\Users\kubix23\source\repos\Project2\Project2\</FILEPATH>
        <FILENAME>stateFunction.h</FILENAME>
        <LINE>133</LINE>
        <COLUMN>18</COLUMN>
      </SFA>
      <SFA>
        <FILEPATH>C:\Users\kubix23\source\repos\Project2\Project2\</FILEPATH>
        <FILENAME>stateFunction.h</FILENAME>
        <LINE>132</LINE>
        <COLUMN>39</COLUMN>
      </SFA>
      <SFA>
        <FILEPATH>C:\Users\kubix23\source\repos\Project2\Project2\</FILEPATH>
        <FILENAME>stateFunction.h</FILENAME>
        <LINE>132</LINE>
        <COLUMN>33</COLUMN>
        <KEYEVENT>
          <ID>5</ID>
          <KIND>branch</KIND>
          <IMPORTANCE>Full</IMPORTANCE>
          <MESSAGE>Kontynuuj tę pętlę (przyjmowane jest: „i&lt;y”)</MESSAGE>
        </KEYEVENT>
      </SFA>
      <SFA>
        <FILEPATH>C:\Users\kubix23\source\repos\Project2\Project2\</FILEPATH>
        <FILENAME>stateFunction.h</FILENAME>
        <LINE>133</LINE>
        <COLUMN>18</COLUMN>
        <KEYEVENT>
          <ID>6</ID>
          <KIND>usage</KIND>
          <IMPORTANCE>Essential</IMPORTANCE>
          <MESSAGE>Nieprawidłowy zapis w elemencie „border” (poza zapisywalnym zakresem)</MESSAGE>
        </KEYEVENT>
      </SFA>
    </PATH>
  </DEFECT>
  <DEFECT>
    <SFA>
      <FILEPATH>C:\Users\kubix23\source\repos\Project2\Project2\</FILEPATH>
      <FILENAME>stateFunction.h</FILENAME>
      <LINE>139</LINE>
      <COLUMN>29</COLUMN>
    </SFA>
    <DEFECTCODE>6386</DEFECTCODE>
    <DESCRIPTION>Przepełnienie buforu podczas zapisu w elemencie „border[i]”: rozmiar obszaru do zapisu to „sizeof(char **)*(unsigned int)x”, ale zapisana liczba bajtów może wynieść: „8”.</DESCRIPTION>
    <FUNCTION>board_size</FUNCTION>
    <DECORATED>?board_size@@YAXXZ</DECORATED>
    <FUNCLINE>112</FUNCLINE>
    <PROBABILITY>1</PROBABILITY>
    <RANK>4</RANK>
    <CATEGORY>
      <RULECATEGORY>mspft</RULECATEGORY>
    </CATEGORY>
    <PATH>
      <SFA>
        <FILEPATH>C:\Users\kubix23\source\repos\Project2\Project2\</FILEPATH>
        <FILENAME>stateFunction.h</FILENAME>
        <LINE>113</LINE>
        <COLUMN>8</COLUMN>
      </SFA>
      <SFA>
        <FILEPATH>C:\Users\kubix23\source\repos\Project2\Project2\</FILEPATH>
        <FILENAME>stateFunction.h</FILENAME>
        <LINE>113</LINE>
        <COLUMN>11</COLUMN>
      </SFA>
      <SFA>
        <FILEPATH>C:\Users\kubix23\source\repos\Project2\Project2\</FILEPATH>
        <FILENAME>stateFunction.h</FILENAME>
        <LINE>114</LINE>
        <COLUMN>13</COLUMN>
      </SFA>
      <SFA>
        <FILEPATH>C:\Users\kubix23\source\repos\Project2\Project2\</FILEPATH>
        <FILENAME>stateFunction.h</FILENAME>
        <LINE>117</LINE>
        <COLUMN>13</COLUMN>
      </SFA>
      <SFA>
        <FILEPATH>C:\Users\kubix23\source\repos\Project2\Project2\</FILEPATH>
        <FILENAME>stateFunction.h</FILENAME>
        <LINE>117</LINE>
        <COLUMN>22</COLUMN>
      </SFA>
      <SFA>
        <FILEPATH>C:\Users\kubix23\source\repos\Project2\Project2\</FILEPATH>
        <FILENAME>stateFunction.h</FILENAME>
        <LINE>128</LINE>
        <COLUMN>11</COLUMN>
      </SFA>
      <SFA>
        <FILEPATH>C:\Users\kubix23\source\repos\Project2\Project2\</FILEPATH>
        <FILENAME>stateFunction.h</FILENAME>
        <LINE>129</LINE>
        <COLUMN>13</COLUMN>
      </SFA>
      <SFA>
        <FILEPATH>C:\Users\kubix23\source\repos\Project2\Project2\</FILEPATH>
        <FILENAME>stateFunction.h</FILENAME>
        <LINE>129</LINE>
        <COLUMN>37</COLUMN>
      </SFA>
      <SFA>
        <FILEPATH>C:\Users\kubix23\source\repos\Project2\Project2\</FILEPATH>
        <FILENAME>stateFunction.h</FILENAME>
        <LINE>132</LINE>
        <COLUMN>13</COLUMN>
      </SFA>
      <SFA>
        <FILEPATH>C:\Users\kubix23\source\repos\Project2\Project2\</FILEPATH>
        <FILENAME>stateFunction.h</FILENAME>
        <LINE>132</LINE>
        <COLUMN>33</COLUMN>
      </SFA>
      <SFA>
        <FILEPATH>C:\Users\kubix23\source\repos\Project2\Project2\</FILEPATH>
        <FILENAME>stateFunction.h</FILENAME>
        <LINE>133</LINE>
        <COLUMN>18</COLUMN>
      </SFA>
      <SFA>
        <FILEPATH>C:\Users\kubix23\source\repos\Project2\Project2\</FILEPATH>
        <FILENAME>stateFunction.h</FILENAME>
        <LINE>132</LINE>
        <COLUMN>39</COLUMN>
      </SFA>
      <SFA>
        <FILEPATH>C:\Users\kubix23\source\repos\Project2\Project2\</FILEPATH>
        <FILENAME>stateFunction.h</FILENAME>
        <LINE>132</LINE>
        <COLUMN>33</COLUMN>
      </SFA>
      <SFA>
        <FILEPATH>C:\Users\kubix23\source\repos\Project2\Project2\</FILEPATH>
        <FILENAME>stateFunction.h</FILENAME>
        <LINE>136</LINE>
        <COLUMN>13</COLUMN>
        <KEYEVENT>
          <ID>1</ID>
          <KIND>declaration</KIND>
          <IMPORTANCE>Essential</IMPORTANCE>
          <MESSAGE>Element „i” ma wartość NULL</MESSAGE>
        </KEYEVENT>
      </SFA>
      <SFA>
        <FILEPATH>C:\Users\kubix23\source\repos\Project2\Project2\</FILEPATH>
        <FILENAME>stateFunction.h</FILENAME>
        <LINE>136</LINE>
        <COLUMN>22</COLUMN>
        <KEYEVENT>
          <ID>2</ID>
          <KIND>branch</KIND>
          <IMPORTANCE>Full</IMPORTANCE>
          <MESSAGE>Wejdź do tej pętli (przyjmowane jest: „i&lt;y”)</MESSAGE>
        </KEYEVENT>
      </SFA>
      <SFA>
        <FILEPATH>C:\Users\kubix23\source\repos\Project2\Project2\</FILEPATH>
        <FILENAME>stateFunction.h</FILENAME>
        <LINE>137</LINE>
        <COLUMN>17</COLUMN>
      </SFA>
      <SFA>
        <FILEPATH>C:\Users\kubix23\source\repos\Project2\Project2\</FILEPATH>
        <FILENAME>stateFunction.h</FILENAME>
        <LINE>137</LINE>
        <COLUMN>26</COLUMN>
        <KEYEVENT>
          <ID>3</ID>
          <KIND>branch</KIND>
          <IMPORTANCE>Full</IMPORTANCE>
          <MESSAGE>Wejdź do tej pętli (przyjmowane jest: „j&lt;x”)</MESSAGE>
        </KEYEVENT>
      </SFA>
      <SFA>
        <FILEPATH>C:\Users\kubix23\source\repos\Project2\Project2\</FILEPATH>
        <FILENAME>stateFunction.h</FILENAME>
        <LINE>138</LINE>
        <COLUMN>33</COLUMN>
        <KEYEVENT>
          <ID>4</ID>
          <KIND>branch</KIND>
          <IMPORTANCE>Full</IMPORTANCE>
          <MESSAGE>Wejdź do tego rozgałęzienia (przyjmowane jest: „&lt;warunek rozgałęzienia&gt;”)</MESSAGE>
        </KEYEVENT>
      </SFA>
      <SFA>
        <FILEPATH>C:\Users\kubix23\source\repos\Project2\Project2\</FILEPATH>
        <FILENAME>stateFunction.h</FILENAME>
        <LINE>139</LINE>
        <COLUMN>29</COLUMN>
      </SFA>
      <SFA>
        <FILEPATH>C:\Users\kubix23\source\repos\Project2\Project2\</FILEPATH>
        <FILENAME>stateFunction.h</FILENAME>
        <LINE>137</LINE>
        <COLUMN>32</COLUMN>
        <KEYEVENT>
          <ID>5</ID>
          <KIND>declaration</KIND>
          <IMPORTANCE>Essential</IMPORTANCE>
          <MESSAGE>Element „j” może mieć wartość równą 1</MESSAGE>
        </KEYEVENT>
      </SFA>
      <SFA>
        <FILEPATH>C:\Users\kubix23\source\repos\Project2\Project2\</FILEPATH>
        <FILENAME>stateFunction.h</FILENAME>
        <LINE>137</LINE>
        <COLUMN>26</COLUMN>
        <KEYEVENT>
          <ID>6</ID>
          <KIND>branch</KIND>
          <IMPORTANCE>Full</IMPORTANCE>
          <MESSAGE>Kontynuuj tę pętlę (przyjmowane jest: „j&lt;x”)</MESSAGE>
        </KEYEVENT>
      </SFA>
      <SFA>
        <FILEPATH>C:\Users\kubix23\source\repos\Project2\Project2\</FILEPATH>
        <FILENAME>stateFunction.h</FILENAME>
        <LINE>138</LINE>
        <COLUMN>33</COLUMN>
        <KEYEVENT>
          <ID>7</ID>
          <KIND>branch</KIND>
          <IMPORTANCE>Full</IMPORTANCE>
          <MESSAGE>Wejdź do tego rozgałęzienia (przyjmowane jest: „&lt;warunek rozgałęzienia&gt;”)</MESSAGE>
        </KEYEVENT>
      </SFA>
      <SFA>
        <FILEPATH>C:\Users\kubix23\source\repos\Project2\Project2\</FILEPATH>
        <FILENAME>stateFunction.h</FILENAME>
        <LINE>139</LINE>
        <COLUMN>29</COLUMN>
        <KEYEVENT>
          <ID>8</ID>
          <KIND>usage</KIND>
          <IMPORTANCE>Essential</IMPORTANCE>
          <MESSAGE>Nieprawidłowy zapis w elemencie „border[i]” (poza zapisywalnym zakresem)</MESSAGE>
        </KEYEVENT>
      </SFA>
    </PATH>
  </DEFECT>
  <DEFECT>
    <SFA>
      <FILEPATH>C:\Users\kubix23\source\repos\Project2\Project2\</FILEPATH>
      <FILENAME>stateFunction.h</FILENAME>
      <LINE>139</LINE>
      <COLUMN>29</COLUMN>
    </SFA>
    <DEFECTCODE>6011</DEFECTCODE>
    <DESCRIPTION>Wyłuskanie wskaźnika NULL „border[i]”. </DESCRIPTION>
    <FUNCTION>board_size</FUNCTION>
    <DECORATED>?board_size@@YAXXZ</DECORATED>
    <FUNCLINE>112</FUNCLINE>
    <PROBABILITY>1</PROBABILITY>
    <RANK>4</RANK>
    <CATEGORY>
      <RULECATEGORY>mspft</RULECATEGORY>
    </CATEGORY>
    <PATH>
      <SFA>
        <FILEPATH>C:\Users\kubix23\source\repos\Project2\Project2\</FILEPATH>
        <FILENAME>stateFunction.h</FILENAME>
        <LINE>113</LINE>
        <COLUMN>8</COLUMN>
      </SFA>
      <SFA>
        <FILEPATH>C:\Users\kubix23\source\repos\Project2\Project2\</FILEPATH>
        <FILENAME>stateFunction.h</FILENAME>
        <LINE>113</LINE>
        <COLUMN>11</COLUMN>
      </SFA>
      <SFA>
        <FILEPATH>C:\Users\kubix23\source\repos\Project2\Project2\</FILEPATH>
        <FILENAME>stateFunction.h</FILENAME>
        <LINE>114</LINE>
        <COLUMN>13</COLUMN>
      </SFA>
      <SFA>
        <FILEPATH>C:\Users\kubix23\source\repos\Project2\Project2\</FILEPATH>
        <FILENAME>stateFunction.h</FILENAME>
        <LINE>117</LINE>
        <COLUMN>13</COLUMN>
      </SFA>
      <SFA>
        <FILEPATH>C:\Users\kubix23\source\repos\Project2\Project2\</FILEPATH>
        <FILENAME>stateFunction.h</FILENAME>
        <LINE>117</LINE>
        <COLUMN>22</COLUMN>
      </SFA>
      <SFA>
        <FILEPATH>C:\Users\kubix23\source\repos\Project2\Project2\</FILEPATH>
        <FILENAME>stateFunction.h</FILENAME>
        <LINE>128</LINE>
        <COLUMN>11</COLUMN>
      </SFA>
      <SFA>
        <FILEPATH>C:\Users\kubix23\source\repos\Project2\Project2\</FILEPATH>
        <FILENAME>stateFunction.h</FILENAME>
        <LINE>129</LINE>
        <COLUMN>13</COLUMN>
      </SFA>
      <SFA>
        <FILEPATH>C:\Users\kubix23\source\repos\Project2\Project2\</FILEPATH>
        <FILENAME>stateFunction.h</FILENAME>
        <LINE>129</LINE>
        <COLUMN>37</COLUMN>
      </SFA>
      <SFA>
        <FILEPATH>C:\Users\kubix23\source\repos\Project2\Project2\</FILEPATH>
        <FILENAME>stateFunction.h</FILENAME>
        <LINE>132</LINE>
        <COLUMN>13</COLUMN>
      </SFA>
      <SFA>
        <FILEPATH>C:\Users\kubix23\source\repos\Project2\Project2\</FILEPATH>
        <FILENAME>stateFunction.h</FILENAME>
        <LINE>132</LINE>
        <COLUMN>33</COLUMN>
      </SFA>
      <SFA>
        <FILEPATH>C:\Users\kubix23\source\repos\Project2\Project2\</FILEPATH>
        <FILENAME>stateFunction.h</FILENAME>
        <LINE>133</LINE>
        <COLUMN>18</COLUMN>
        <KEYEVENT>
          <ID>1</ID>
          <KIND>declaration</KIND>
          <IMPORTANCE>Essential</IMPORTANCE>
          <MESSAGE>Element „*border” może mieć wartość NULL</MESSAGE>
        </KEYEVENT>
      </SFA>
      <SFA>
        <FILEPATH>C:\Users\kubix23\source\repos\Project2\Project2\</FILEPATH>
        <FILENAME>stateFunction.h</FILENAME>
        <LINE>132</LINE>
        <COLUMN>39</COLUMN>
      </SFA>
      <SFA>
        <FILEPATH>C:\Users\kubix23\source\repos\Project2\Project2\</FILEPATH>
        <FILENAME>stateFunction.h</FILENAME>
        <LINE>132</LINE>
        <COLUMN>33</COLUMN>
        <KEYEVENT>
          <ID>2</ID>
          <KIND>branch</KIND>
          <IMPORTANCE>Full</IMPORTANCE>
          <MESSAGE>Wyjdź z tej pętli (przyjmowane jest, że element „i&lt;y” ma wartość false)</MESSAGE>
        </KEYEVENT>
      </SFA>
      <SFA>
        <FILEPATH>C:\Users\kubix23\source\repos\Project2\Project2\</FILEPATH>
        <FILENAME>stateFunction.h</FILENAME>
        <LINE>136</LINE>
        <COLUMN>13</COLUMN>
      </SFA>
      <SFA>
        <FILEPATH>C:\Users\kubix23\source\repos\Project2\Project2\</FILEPATH>
        <FILENAME>stateFunction.h</FILENAME>
        <LINE>136</LINE>
        <COLUMN>22</COLUMN>
        <KEYEVENT>
          <ID>3</ID>
          <KIND>branch</KIND>
          <IMPORTANCE>Full</IMPORTANCE>
          <MESSAGE>Wejdź do tej pętli (przyjmowane jest: „i&lt;y”)</MESSAGE>
        </KEYEVENT>
      </SFA>
      <SFA>
        <FILEPATH>C:\Users\kubix23\source\repos\Project2\Project2\</FILEPATH>
        <FILENAME>stateFunction.h</FILENAME>
        <LINE>137</LINE>
        <COLUMN>17</COLUMN>
      </SFA>
      <SFA>
        <FILEPATH>C:\Users\kubix23\source\repos\Project2\Project2\</FILEPATH>
        <FILENAME>stateFunction.h</FILENAME>
        <LINE>137</LINE>
        <COLUMN>26</COLUMN>
        <KEYEVENT>
          <ID>4</ID>
          <KIND>branch</KIND>
          <IMPORTANCE>Full</IMPORTANCE>
          <MESSAGE>Wejdź do tej pętli (przyjmowane jest: „j&lt;x”)</MESSAGE>
        </KEYEVENT>
      </SFA>
      <SFA>
        <FILEPATH>C:\Users\kubix23\source\repos\Project2\Project2\</FILEPATH>
        <FILENAME>stateFunction.h</FILENAME>
        <LINE>138</LINE>
        <COLUMN>33</COLUMN>
        <KEYEVENT>
          <ID>5</ID>
          <KIND>branch</KIND>
          <IMPORTANCE>Full</IMPORTANCE>
          <MESSAGE>Wejdź do tego rozgałęzienia (przyjmowane jest: „&lt;warunek rozgałęzienia&gt;”)</MESSAGE>
        </KEYEVENT>
      </SFA>
      <SFA>
        <FILEPATH>C:\Users\kubix23\source\repos\Project2\Project2\</FILEPATH>
        <FILENAME>stateFunction.h</FILENAME>
        <LINE>139</LINE>
        <COLUMN>29</COLUMN>
        <KEYEVENT>
          <ID>6</ID>
          <KIND>usage</KIND>
          <IMPORTANCE>Essential</IMPORTANCE>
          <MESSAGE>Element „*border” jest wyłuskiwany, ale nadal może mieć wartość NULL</MESSAGE>
        </KEYEVENT>
      </SFA>
    </PATH>
  </DEFECT>
  <DEFECT>
    <SFA>
      <FILEPATH>C:\Users\kubix23\source\repos\Project2\Project2\</FILEPATH>
      <FILENAME>initSettings.h</FILENAME>
      <LINE>6</LINE>
      <COLUMN>18</COLUMN>
    </SFA>
    <DEFECTCODE>6386</DEFECTCODE>
    <DESCRIPTION>Przepełnienie buforu podczas zapisu w elemencie „border”: rozmiar obszaru do zapisu to „sizeof(char **)*(unsigned int)borderSize.y”, ale zapisana liczba bajtów może wynieść: „8”.</DESCRIPTION>
    <FUNCTION>borderCreate</FUNCTION>
    <DECORATED>?borderCreate@@YAXXZ</DECORATED>
    <FUNCLINE>3</FUNCLINE>
    <PROBABILITY>1</PROBABILITY>
    <RANK>4</RANK>
    <CATEGORY>
      <RULECATEGORY>mspft</RULECATEGORY>
    </CATEGORY>
    <PATH>
      <SFA>
        <FILEPATH>C:\Users\kubix23\source\repos\Project2\Project2\</FILEPATH>
        <FILENAME>initSettings.h</FILENAME>
        <LINE>4</LINE>
        <COLUMN>11</COLUMN>
        <KEYEVENT>
          <ID>1</ID>
          <KIND>declaration</KIND>
          <IMPORTANCE>Essential</IMPORTANCE>
          <MESSAGE>Element „border” jest tablicą o wielkości w bajtach: 0</MESSAGE>
        </KEYEVENT>
      </SFA>
      <SFA>
        <FILEPATH>C:\Users\kubix23\source\repos\Project2\Project2\</FILEPATH>
        <FILENAME>initSettings.h</FILENAME>
        <LINE>5</LINE>
        <COLUMN>13</COLUMN>
      </SFA>
      <SFA>
        <FILEPATH>C:\Users\kubix23\source\repos\Project2\Project2\</FILEPATH>
        <FILENAME>initSettings.h</FILENAME>
        <LINE>5</LINE>
        <COLUMN>22</COLUMN>
        <KEYEVENT>
          <ID>2</ID>
          <KIND>branch</KIND>
          <IMPORTANCE>Full</IMPORTANCE>
          <MESSAGE>Wejdź do tej pętli (przyjmowane jest: „i&lt;borderSize.y”)</MESSAGE>
        </KEYEVENT>
      </SFA>
      <SFA>
        <FILEPATH>C:\Users\kubix23\source\repos\Project2\Project2\</FILEPATH>
        <FILENAME>initSettings.h</FILENAME>
        <LINE>6</LINE>
        <COLUMN>18</COLUMN>
      </SFA>
      <SFA>
        <FILEPATH>C:\Users\kubix23\source\repos\Project2\Project2\</FILEPATH>
        <FILENAME>initSettings.h</FILENAME>
        <LINE>5</LINE>
        <COLUMN>39</COLUMN>
        <KEYEVENT>
          <ID>3</ID>
          <KIND>declaration</KIND>
          <IMPORTANCE>Essential</IMPORTANCE>
          <MESSAGE>Element „i” może mieć wartość równą 1</MESSAGE>
        </KEYEVENT>
      </SFA>
      <SFA>
        <FILEPATH>C:\Users\kubix23\source\repos\Project2\Project2\</FILEPATH>
        <FILENAME>initSettings.h</FILENAME>
        <LINE>5</LINE>
        <COLUMN>22</COLUMN>
        <KEYEVENT>
          <ID>4</ID>
          <KIND>branch</KIND>
          <IMPORTANCE>Full</IMPORTANCE>
          <MESSAGE>Kontynuuj tę pętlę (przyjmowane jest: „i&lt;borderSize.y”)</MESSAGE>
        </KEYEVENT>
      </SFA>
      <SFA>
        <FILEPATH>C:\Users\kubix23\source\repos\Project2\Project2\</FILEPATH>
        <FILENAME>initSettings.h</FILENAME>
        <LINE>6</LINE>
        <COLUMN>18</COLUMN>
        <KEYEVENT>
          <ID>5</ID>
          <KIND>usage</KIND>
          <IMPORTANCE>Essential</IMPORTANCE>
          <MESSAGE>Nieprawidłowy zapis w elemencie „border” (poza zapisywalnym zakresem)</MESSAGE>
        </KEYEVENT>
      </SFA>
    </PATH>
  </DEFECT>
  <DEFECT>
    <SFA>
      <FILEPATH>C:\Users\kubix23\source\repos\Project2\Project2\</FILEPATH>
      <FILENAME>initSettings.h</FILENAME>
      <LINE>6</LINE>
      <COLUMN>18</COLUMN>
    </SFA>
    <DEFECTCODE>6011</DEFECTCODE>
    <DESCRIPTION>Wyłuskanie wskaźnika NULL „border”. </DESCRIPTION>
    <FUNCTION>borderCreate</FUNCTION>
    <DECORATED>?borderCreate@@YAXXZ</DECORATED>
    <FUNCLINE>3</FUNCLINE>
    <PROBABILITY>1</PROBABILITY>
    <RANK>4</RANK>
    <CATEGORY>
      <RULECATEGORY>mspft</RULECATEGORY>
    </CATEGORY>
    <PATH>
      <SFA>
        <FILEPATH>C:\Users\kubix23\source\repos\Project2\Project2\</FILEPATH>
        <FILENAME>initSettings.h</FILENAME>
        <LINE>4</LINE>
        <COLUMN>11</COLUMN>
        <KEYEVENT>
          <ID>1</ID>
          <KIND>declaration</KIND>
          <IMPORTANCE>Essential</IMPORTANCE>
          <MESSAGE>Element „border” może mieć wartość NULL</MESSAGE>
        </KEYEVENT>
      </SFA>
      <SFA>
        <FILEPATH>C:\Users\kubix23\source\repos\Project2\Project2\</FILEPATH>
        <FILENAME>initSettings.h</FILENAME>
        <LINE>5</LINE>
        <COLUMN>13</COLUMN>
      </SFA>
      <SFA>
        <FILEPATH>C:\Users\kubix23\source\repos\Project2\Project2\</FILEPATH>
        <FILENAME>initSettings.h</FILENAME>
        <LINE>5</LINE>
        <COLUMN>22</COLUMN>
        <KEYEVENT>
          <ID>2</ID>
          <KIND>branch</KIND>
          <IMPORTANCE>Full</IMPORTANCE>
          <MESSAGE>Wejdź do tej pętli (przyjmowane jest: „i&lt;borderSize.y”)</MESSAGE>
        </KEYEVENT>
      </SFA>
      <SFA>
        <FILEPATH>C:\Users\kubix23\source\repos\Project2\Project2\</FILEPATH>
        <FILENAME>initSettings.h</FILENAME>
        <LINE>6</LINE>
        <COLUMN>18</COLUMN>
        <KEYEVENT>
          <ID>3</ID>
          <KIND>usage</KIND>
          <IMPORTANCE>Essential</IMPORTANCE>
          <MESSAGE>Element „border” jest wyłuskiwany, ale nadal może mieć wartość NULL</MESSAGE>
        </KEYEVENT>
      </SFA>
    </PATH>
  </DEFECT>
  <DEFECT>
    <SFA>
      <FILEPATH>C:\Users\kubix23\source\repos\Project2\Project2\</FILEPATH>
      <FILENAME>initSettings.h</FILENAME>
      <LINE>12</LINE>
      <COLUMN>25</COLUMN>
    </SFA>
    <DEFECTCODE>6386</DEFECTCODE>
    <DESCRIPTION>Przepełnienie buforu podczas zapisu w elemencie „border[i]”: rozmiar obszaru do zapisu to „sizeof(char **)*(unsigned int)borderSize.x”, ale zapisana liczba bajtów może wynieść: „8”.</DESCRIPTION>
    <FUNCTION>borderCreate</FUNCTION>
    <DECORATED>?borderCreate@@YAXXZ</DECORATED>
    <FUNCLINE>3</FUNCLINE>
    <PROBABILITY>1</PROBABILITY>
    <RANK>4</RANK>
    <CATEGORY>
      <RULECATEGORY>mspft</RULECATEGORY>
    </CATEGORY>
    <PATH>
      <SFA>
        <FILEPATH>C:\Users\kubix23\source\repos\Project2\Project2\</FILEPATH>
        <FILENAME>initSettings.h</FILENAME>
        <LINE>4</LINE>
        <COLUMN>11</COLUMN>
      </SFA>
      <SFA>
        <FILEPATH>C:\Users\kubix23\source\repos\Project2\Project2\</FILEPATH>
        <FILENAME>initSettings.h</FILENAME>
        <LINE>5</LINE>
        <COLUMN>13</COLUMN>
      </SFA>
      <SFA>
        <FILEPATH>C:\Users\kubix23\source\repos\Project2\Project2\</FILEPATH>
        <FILENAME>initSettings.h</FILENAME>
        <LINE>5</LINE>
        <COLUMN>22</COLUMN>
      </SFA>
      <SFA>
        <FILEPATH>C:\Users\kubix23\source\repos\Project2\Project2\</FILEPATH>
        <FILENAME>initSettings.h</FILENAME>
        <LINE>6</LINE>
        <COLUMN>18</COLUMN>
      </SFA>
      <SFA>
        <FILEPATH>C:\Users\kubix23\source\repos\Project2\Project2\</FILEPATH>
        <FILENAME>initSettings.h</FILENAME>
        <LINE>5</LINE>
        <COLUMN>39</COLUMN>
      </SFA>
      <SFA>
        <FILEPATH>C:\Users\kubix23\source\repos\Project2\Project2\</FILEPATH>
        <FILENAME>initSettings.h</FILENAME>
        <LINE>5</LINE>
        <COLUMN>22</COLUMN>
      </SFA>
      <SFA>
        <FILEPATH>C:\Users\kubix23\source\repos\Project2\Project2\</FILEPATH>
        <FILENAME>initSettings.h</FILENAME>
        <LINE>10</LINE>
        <COLUMN>13</COLUMN>
        <KEYEVENT>
          <ID>1</ID>
          <KIND>declaration</KIND>
          <IMPORTANCE>Essential</IMPORTANCE>
          <MESSAGE>Element „i” ma wartość NULL</MESSAGE>
        </KEYEVENT>
      </SFA>
      <SFA>
        <FILEPATH>C:\Users\kubix23\source\repos\Project2\Project2\</FILEPATH>
        <FILENAME>initSettings.h</FILENAME>
        <LINE>10</LINE>
        <COLUMN>22</COLUMN>
        <KEYEVENT>
          <ID>2</ID>
          <KIND>branch</KIND>
          <IMPORTANCE>Full</IMPORTANCE>
          <MESSAGE>Wejdź do tej pętli (przyjmowane jest: „i&lt;borderSize.y”)</MESSAGE>
        </KEYEVENT>
      </SFA>
      <SFA>
        <FILEPATH>C:\Users\kubix23\source\repos\Project2\Project2\</FILEPATH>
        <FILENAME>initSettings.h</FILENAME>
        <LINE>11</LINE>
        <COLUMN>17</COLUMN>
      </SFA>
      <SFA>
        <FILEPATH>C:\Users\kubix23\source\repos\Project2\Project2\</FILEPATH>
        <FILENAME>initSettings.h</FILENAME>
        <LINE>11</LINE>
        <COLUMN>26</COLUMN>
        <KEYEVENT>
          <ID>3</ID>
          <KIND>branch</KIND>
          <IMPORTANCE>Full</IMPORTANCE>
          <MESSAGE>Wejdź do tej pętli (przyjmowane jest: „j&lt;borderSize.x”)</MESSAGE>
        </KEYEVENT>
      </SFA>
      <SFA>
        <FILEPATH>C:\Users\kubix23\source\repos\Project2\Project2\</FILEPATH>
        <FILENAME>initSettings.h</FILENAME>
        <LINE>12</LINE>
        <COLUMN>25</COLUMN>
      </SFA>
      <SFA>
        <FILEPATH>C:\Users\kubix23\source\repos\Project2\Project2\</FILEPATH>
        <FILENAME>initSettings.h</FILENAME>
        <LINE>11</LINE>
        <COLUMN>43</COLUMN>
        <KEYEVENT>
          <ID>4</ID>
          <KIND>declaration</KIND>
          <IMPORTANCE>Essential</IMPORTANCE>
          <MESSAGE>Element „j” może mieć wartość równą 1</MESSAGE>
        </KEYEVENT>
      </SFA>
      <SFA>
        <FILEPATH>C:\Users\kubix23\source\repos\Project2\Project2\</FILEPATH>
        <FILENAME>initSettings.h</FILENAME>
        <LINE>11</LINE>
        <COLUMN>26</COLUMN>
        <KEYEVENT>
          <ID>5</ID>
          <KIND>branch</KIND>
          <IMPORTANCE>Full</IMPORTANCE>
          <MESSAGE>Kontynuuj tę pętlę (przyjmowane jest: „j&lt;borderSize.x”)</MESSAGE>
        </KEYEVENT>
      </SFA>
      <SFA>
        <FILEPATH>C:\Users\kubix23\source\repos\Project2\Project2\</FILEPATH>
        <FILENAME>initSettings.h</FILENAME>
        <LINE>12</LINE>
        <COLUMN>25</COLUMN>
        <KEYEVENT>
          <ID>6</ID>
          <KIND>usage</KIND>
          <IMPORTANCE>Essential</IMPORTANCE>
          <MESSAGE>Nieprawidłowy zapis w elemencie „border[i]” (poza zapisywalnym zakresem)</MESSAGE>
        </KEYEVENT>
      </SFA>
    </PATH>
  </DEFECT>
  <DEFECT>
    <SFA>
      <FILEPATH>C:\Users\kubix23\source\repos\Project2\Project2\</FILEPATH>
      <FILENAME>initSettings.h</FILENAME>
      <LINE>12</LINE>
      <COLUMN>25</COLUMN>
    </SFA>
    <DEFECTCODE>6011</DEFECTCODE>
    <DESCRIPTION>Wyłuskanie wskaźnika NULL „border[i]”. </DESCRIPTION>
    <FUNCTION>borderCreate</FUNCTION>
    <DECORATED>?borderCreate@@YAXXZ</DECORATED>
    <FUNCLINE>3</FUNCLINE>
    <PROBABILITY>1</PROBABILITY>
    <RANK>4</RANK>
    <CATEGORY>
      <RULECATEGORY>mspft</RULECATEGORY>
    </CATEGORY>
    <PATH>
      <SFA>
        <FILEPATH>C:\Users\kubix23\source\repos\Project2\Project2\</FILEPATH>
        <FILENAME>initSettings.h</FILENAME>
        <LINE>4</LINE>
        <COLUMN>11</COLUMN>
      </SFA>
      <SFA>
        <FILEPATH>C:\Users\kubix23\source\repos\Project2\Project2\</FILEPATH>
        <FILENAME>initSettings.h</FILENAME>
        <LINE>5</LINE>
        <COLUMN>13</COLUMN>
      </SFA>
      <SFA>
        <FILEPATH>C:\Users\kubix23\source\repos\Project2\Project2\</FILEPATH>
        <FILENAME>initSettings.h</FILENAME>
        <LINE>5</LINE>
        <COLUMN>22</COLUMN>
      </SFA>
      <SFA>
        <FILEPATH>C:\Users\kubix23\source\repos\Project2\Project2\</FILEPATH>
        <FILENAME>initSettings.h</FILENAME>
        <LINE>6</LINE>
        <COLUMN>18</COLUMN>
        <KEYEVENT>
          <ID>1</ID>
          <KIND>declaration</KIND>
          <IMPORTANCE>Essential</IMPORTANCE>
          <MESSAGE>Element „*border” może mieć wartość NULL</MESSAGE>
        </KEYEVENT>
      </SFA>
      <SFA>
        <FILEPATH>C:\Users\kubix23\source\repos\Project2\Project2\</FILEPATH>
        <FILENAME>initSettings.h</FILENAME>
        <LINE>5</LINE>
        <COLUMN>39</COLUMN>
      </SFA>
      <SFA>
        <FILEPATH>C:\Users\kubix23\source\repos\Project2\Project2\</FILEPATH>
        <FILENAME>initSettings.h</FILENAME>
        <LINE>5</LINE>
        <COLUMN>22</COLUMN>
        <KEYEVENT>
          <ID>2</ID>
          <KIND>branch</KIND>
          <IMPORTANCE>Full</IMPORTANCE>
          <MESSAGE>Wyjdź z tej pętli (przyjmowane jest, że element „i&lt;borderSize.y” ma wartość false)</MESSAGE>
        </KEYEVENT>
      </SFA>
      <SFA>
        <FILEPATH>C:\Users\kubix23\source\repos\Project2\Project2\</FILEPATH>
        <FILENAME>initSettings.h</FILENAME>
        <LINE>10</LINE>
        <COLUMN>13</COLUMN>
      </SFA>
      <SFA>
        <FILEPATH>C:\Users\kubix23\source\repos\Project2\Project2\</FILEPATH>
        <FILENAME>initSettings.h</FILENAME>
        <LINE>10</LINE>
        <COLUMN>22</COLUMN>
        <KEYEVENT>
          <ID>3</ID>
          <KIND>branch</KIND>
          <IMPORTANCE>Full</IMPORTANCE>
          <MESSAGE>Wejdź do tej pętli (przyjmowane jest: „i&lt;borderSize.y”)</MESSAGE>
        </KEYEVENT>
      </SFA>
      <SFA>
        <FILEPATH>C:\Users\kubix23\source\repos\Project2\Project2\</FILEPATH>
        <FILENAME>initSettings.h</FILENAME>
        <LINE>11</LINE>
        <COLUMN>17</COLUMN>
      </SFA>
      <SFA>
        <FILEPATH>C:\Users\kubix23\source\repos\Project2\Project2\</FILEPATH>
        <FILENAME>initSettings.h</FILENAME>
        <LINE>11</LINE>
        <COLUMN>26</COLUMN>
        <KEYEVENT>
          <ID>4</ID>
          <KIND>branch</KIND>
          <IMPORTANCE>Full</IMPORTANCE>
          <MESSAGE>Wejdź do tej pętli (przyjmowane jest: „j&lt;borderSize.x”)</MESSAGE>
        </KEYEVENT>
      </SFA>
      <SFA>
        <FILEPATH>C:\Users\kubix23\source\repos\Project2\Project2\</FILEPATH>
        <FILENAME>initSettings.h</FILENAME>
        <LINE>12</LINE>
        <COLUMN>25</COLUMN>
        <KEYEVENT>
          <ID>5</ID>
          <KIND>usage</KIND>
          <IMPORTANCE>Essential</IMPORTANCE>
          <MESSAGE>Element „*border” jest wyłuskiwany, ale nadal może mieć wartość NULL</MESSAGE>
        </KEYEVENT>
      </SFA>
    </PATH>
  </DEFECT>
</DEFECTS>